{
    "MAE": 2.8747079243262608,
    "RMSE": 3.631537653687864,
    "MAPE": 23.89126935669025,
    "Accuracy": 76.10873064330976
}